,User,Text,Tweets Ago,Compound Score,Positive Score,Neutral Score,Negative Score
0,BBCNews,Trump at G7: Who's who in Merkel's photo? https://t.co/OGZos8I875,0,0.0,0.0,1.0,0.0
1,BBCNews,Toulon Tournament: England U21s secure third successive title with 2-1 win over Mexico https://t.co/2W0gQXVFVe,1,0.8074,0.43,0.57,0.0
2,BBCNews,"Nabil Fekir: Liverpool target staying at Lyon, says Ligue 1 club https://t.co/hTngzYS508",2,0.0,0.0,1.0,0.0
3,BBCNews,England women lose to South Africa by seven wickets in ODI series opener https://t.co/DHhhR9VRCs,3,-0.4019,0.0,0.828,0.172
4,BBCNews,South Africa beat England 42-39 in first Test in Johannesburg https://t.co/08MaH8SUQM,4,0.0,0.0,1.0,0.0
5,BBCNews,Hailstorm halts M9 motorway traffic https://t.co/qi7hyVjwtH,5,0.0,0.0,1.0,0.0
6,BBCNews,Stalking victim calls for harsher sentences https://t.co/NrElQRGG99,6,-0.6249,0.114,0.381,0.505
7,BBCNews,"RT @BBCWorld: Inside Afghanistan's only secure psychiatric unit.  The BBC investigates the lasting effects of conflict in the country. 
(Th‚Ä¶",7,0.0258,0.106,0.793,0.101
8,BBCNews,"RT @BBCWorld: Russian workers being taught how to smile more ahead of the World Cup 
‚ò∫Ô∏è‚ò∫Ô∏è
https://t.co/WBNlLAf9Nt https://t.co/uyLxrpKct6",8,0.3612,0.128,0.872,0.0
9,BBCNews,"World Cup 2018: Young players to watch in Russia - including 'El Chucky', 'The Sergeant' &amp; 'The Bull' https://t.co/a445gltfrF",9,0.0,0.0,1.0,0.0
10,BBCNews,French Open 2018: Simona Halep beats Sloane Stephens in final https://t.co/5n2QG6NfBq,10,0.0,0.0,1.0,0.0
11,BBCNews,SNP conference: Sturgeon announces 'immediate' NHS pay rise https://t.co/gruK54Mlv1,11,-0.1027,0.0,0.851,0.149
12,BBCNews,England v South Africa: Sarah Taylor's quick glovework sees Sune Luus dismissed for duck https://t.co/2U4w8asIfp,12,0.0,0.0,1.0,0.0
13,BBCNews,"Trooping the Colour: Four things about the event that celebrates the Queen's official birthday
üëë‚Ä¶ https://t.co/SGNEkrd9yo",13,0.5719,0.198,0.802,0.0
14,BBCNews,"RT @BBCWorld: US President @realDonaldTrump says he is ""on a mission of peace"" when he travels to Singapore to meet Kim Jong-un for the US-‚Ä¶",14,0.5423,0.132,0.868,0.0
15,BBCNews,"RT @BBCWorld: ""The United States has been taken advantage of for decades.. and we can't do that anymore""- US President @realDonaldTrump on‚Ä¶",15,0.5859,0.194,0.806,0.0
16,BBCNews,WSBK: Rea breaks victories record in Brno with 60th win https://t.co/4MouNPtf0I,16,0.5859,0.275,0.725,0.0
17,BBCNews,Trooping the Colour: Royals watch RAF flypast for Queen's birthday https://t.co/xx6aNoZ55V,17,0.0,0.0,1.0,0.0
18,BBCNews,"The first Bond girl, Eunice Grayson, dies at 90 https://t.co/NZNj4GVnYB",18,0.0,0.0,1.0,0.0
19,BBCNews,John Lasseter: Disney animation head to quit after misconduct claims https://t.co/dZd3Hh8zQf,19,0.0,0.0,1.0,0.0
20,BBCNews,Birthday Honours 2018: CBE for Network Rail boss 'slap in the face' https://t.co/buXxv6ntjT,20,0.5859,0.304,0.696,0.0
21,BBCNews,"RT @BBCSport: Australia have ended Ireland's 12-game winning run.

üëâ https://t.co/Msu0iZutc9

#bbcrugby https://t.co/FEdrdvYadC",21,0.5267,0.185,0.815,0.0
22,BBCNews,"RT @BBCNews: Serena Williams should be ready for Wimbledon, says her coach https://t.co/wWMQmZEckl",22,0.3612,0.172,0.828,0.0
23,BBCNews,"Serena Williams should be ready for Wimbledon, says her coach https://t.co/wWMQmZEckl",23,0.3612,0.2,0.8,0.0
24,BBCNews,Sofija Kaczan death: Man in court charged with 100-year-old's manslaughter https://t.co/CwjfOCJnPu,24,-0.6908,0.0,0.612,0.388
25,BBCNews,Taliban agree three-day Eid ceasefire in Afghanistan https://t.co/J8edT9yKWI,25,0.3612,0.263,0.737,0.0
26,BBCNews,"Boy, 8, youngest to climb Old Man of Hoy https://t.co/ReLsewDDlx",26,0.0,0.0,1.0,0.0
27,BBCNews,Australia 18-9 Ireland: Tourists' 12-game winning run comes to an end https://t.co/ZYiTjpCWIW,27,0.5267,0.236,0.764,0.0
28,BBCNews,The Royal family watch the RAF flypast from Buckingham Palace. 23 aircraft are taking part to mark the Queen's offi‚Ä¶ https://t.co/SlJuDPXe7m,28,0.0,0.0,1.0,0.0
29,BBCNews,A 41 gun salute is fired to mark the Queen's official birthday at the Trooping the Colour ceremony in London‚Ä¶ https://t.co/JhOinaavAW,29,-0.7184,0.0,0.75,0.25
30,BBCNews,World Cup 2018: Can you name the losing finalists from previous tournaments? https://t.co/RSNuvOYgU3,30,-0.3818,0.0,0.822,0.178
31,BBCNews,RT @bbcweather: Plenty of broken cloud and sunshine for most this afternoon but some sharp showers a nuisance too! Lou L https://t.co/BowtJ‚Ä¶,31,0.088,0.107,0.802,0.091
32,BBCNews,ICYMI: Beauty pageants and Star Wars - burlesque style https://t.co/DAJNwy5PoO,32,0.0516,0.264,0.486,0.25
33,BBCNews,England v South Africa: Heather Knight is dismissed by Marizanne Kapp https://t.co/1H8NOhH2iP,33,0.0,0.0,1.0,0.0
34,BBCNews,Trump and Macron in handshake showdown at G7 summit https://t.co/8Oq87iulUd,34,0.0,0.0,1.0,0.0
35,BBCNews,The Trooping the Colour parade which marks the Queen's official birthday is underway in London. The Queen and Duke‚Ä¶ https://t.co/pSKtDyPg6q,35,0.0,0.0,1.0,0.0
36,BBCNews,Five ways Paul Dacre's Daily Mail left its mark on Britain https://t.co/v5yBMpXygv,36,0.0,0.0,1.0,0.0
37,BBCNews,'Bride of Belsen' Gena Turgel dies at 95 https://t.co/k2y5Xyj69h,37,0.0,0.0,1.0,0.0
38,BBCNews,Tyson Fury v Sefer Seferi: An unusual heavyweight weigh-in https://t.co/MH1Nizl9CX,38,-0.5719,0.0,0.684,0.316
39,BBCNews,Trooping the Colour: Meghan and Harry join Queen at parade https://t.co/lVdEeeeUHZ,39,0.296,0.18,0.82,0.0
40,BBCNews,England for the World Cup? SNP delegates on football loyalties https://t.co/9gLG2cOBQi,40,0.4404,0.225,0.775,0.0
41,BBCNews,Game of Thrones: HBO orders spinoff prequel pilot https://t.co/nkuSCMfz1b,41,0.0,0.0,1.0,0.0
42,BBCNews,"RT @BBCWorld: Form is temporary, class is permanent. Which counts more at the World Cup? 
‚öΩüèÉ‚Äç‚ôÇÔ∏è @BBCRealityCheck has crunched the numbers
h‚Ä¶",42,0.0,0.0,1.0,0.0
43,BBCNews,G7 summit dogged by divisions between Trump and allies https://t.co/KIa4SMpuwh,43,0.0,0.0,1.0,0.0
44,BBCNews,'No dogs allowed' - but what about my assistance dog? https://t.co/xNAlYEacoO,44,-0.1531,0.0,0.849,0.151
45,BBCNews,Birthday Honours 2018: Network Rail boss made CBE amid travel chaos https://t.co/kHWuDHQ9VV,45,-0.128,0.189,0.592,0.219
46,BBCNews,Canadian GP: Fernando Alonso says 'I'm one of F1's best ever' https://t.co/p81nnU1g6j,46,0.6369,0.276,0.724,0.0
47,BBCNews,South Africa v England: Siya Kolisi - the Springboks captain uniting a country https://t.co/QTMak9yU1c,47,0.0,0.0,1.0,0.0
48,BBCNews,Meat traces 'found in supermarket vegetarian meals' https://t.co/SIiQRLgK3Z,48,0.0,0.0,1.0,0.0
49,BBCNews,Maria Esther Bueno: Brazilian star of 1960s women's tennis dies https://t.co/NMc3hai0V5,49,0.0,0.0,1.0,0.0
50,BBCNews,"Boy, 14, charged over string of moped thefts in north London https://t.co/ulne7N3EOv",50,-0.2023,0.0,0.859,0.141
51,BBCNews,Pregnant and anorexic: 'I was told my baby could die' https://t.co/agj4vcYoSS,51,-0.5994,0.0,0.719,0.281
52,BBCNews,US election 2018: The women lining up to topple Trump https://t.co/1kql7F8lMI,52,0.0,0.0,1.0,0.0
53,BBCNews,Week in pictures: 2 - 8 June 2018 https://t.co/Yt5FdlgG0H,53,0.0,0.0,1.0,0.0
54,BBCNews,Barbed wire and smuggled crabs: Watching North Korea from China https://t.co/g1OL6JN7gt,54,-0.3612,0.0,0.8,0.2
55,BBCNews,Anthony Bourdain: Why his travel shows had global appeal https://t.co/0ek8fVzGLJ,55,0.0,0.0,1.0,0.0
56,BBCNews,Trump Kim summit: Who's pulling the strings? https://t.co/MYuBFgLPGc,56,0.0,0.0,1.0,0.0
57,BBCNews,World Cup 2018: Does form matter for teams competing in Russia? https://t.co/eoIaJmbOZU,57,0.0258,0.091,0.909,0.0
58,BBCNews,It's the world's longest non-stop flight... for now https://t.co/ZUUS3UK2Xn,58,0.0,0.0,1.0,0.0
59,BBCNews,Tayyaba abuse case shines light on Pakistan's child maids https://t.co/mL3puqGfC9,59,-0.6369,0.0,0.682,0.318
60,BBCNews,Suffrage centenary: The women getting creative and going on the march https://t.co/EbQCWL2n2I,60,0.4404,0.209,0.791,0.0
61,BBCNews,Why Russian workers are being taught how to smile https://t.co/vY98gixMx9,61,0.3612,0.217,0.783,0.0
62,BBCNews,More than a million on social housing waiting lists https://t.co/J3BQozhQUf,62,0.0,0.0,1.0,0.0
63,BBCNews,Trooping the Colour: Guardsman first to wear turban https://t.co/EiQZvEI7DS,63,0.0,0.0,1.0,0.0
64,BBCNews,Business leaders urged to help run schools https://t.co/gIrgtPRcY5,64,0.4019,0.278,0.722,0.0
65,BBCNews,Queen‚Äôs Birthday Honours 2018: Underwater photographer gets MBE https://t.co/MtjFZyjpy0,65,0.4939,0.286,0.714,0.0
66,BBCNews,China hackers steal data from US Navy contractor - reports https://t.co/EO3OrqqlRD,66,-0.4939,0.0,0.738,0.262
67,BBCNews,Newspaper headlines: Birthday honours and a disruptive President Trump https://t.co/WE0tztTAEu,67,0.2263,0.256,0.56,0.184
68,BBCNews,French Open 2018: Simona Halep aims for maiden Grand Slam title https://t.co/ZaDcfJtZV0,68,0.1027,0.192,0.641,0.167
69,BBCNews,Queen‚Äôs Birthday Honours 2018: Lizzy Yarnold becomes OBE https://t.co/npOYSIKoFi,69,0.4939,0.286,0.714,0.0
70,BBCNews,Queen‚Äôs Birthday Honours 2018: MBE for TV gardener Monty Don https://t.co/NLu1eq0cNk,70,0.4939,0.242,0.758,0.0
71,BBCNews,"Queen‚Äôs Birthday Honours 2018: Poppy seller, 103, gets MBE https://t.co/vJmlNdMOEZ",71,0.4939,0.262,0.738,0.0
72,BBCNews,Queen‚Äôs Birthday Honours 2018: Nurse for first HIV patients gets OBE https://t.co/DFtlDgptjO,72,0.4939,0.225,0.775,0.0
73,BBCNews,Leo Varadkar is first taoiseach to visit Orange Order HQ https://t.co/Fz3BqrT4zU,73,0.0,0.0,1.0,0.0
74,BBCNews,Could an emoji save your life? https://t.co/yKQEpIIeKy,74,0.4939,0.348,0.652,0.0
75,BBCNews,Anthony Bourdain: Five of his tips for eating out https://t.co/O8UHzvePFG,75,0.0,0.0,1.0,0.0
76,BBCNews,Birthday Honours 2018: Health workers honoured in NHS 70th year https://t.co/JOYploUs7f,76,0.7506,0.416,0.584,0.0
77,BBCNews,Taylor Swift praises Manchester's 'incredible resilience' as UK tour launches https://t.co/W5ljCGMlPT,77,0.6369,0.366,0.634,0.0
78,BBCNews,Trump Kim: Impersonators buddy up in Singapore https://t.co/v1FmqlErzf,78,0.0,0.0,1.0,0.0
79,BBCNews,Brexit trade proposals will not be published until after EU summit https://t.co/Bx9yWmBS5v,79,0.0,0.0,1.0,0.0
80,BBCNews,"Saturday‚Äôs Telegraph: ""Meat found in vegan ready meals"" #tomorrowspaperstoday #bbcpapers (via @BBCHelenaLee) https://t.co/Qwmok5xuBX",80,0.3612,0.172,0.828,0.0
81,BBCNews,"Saturday‚Äôs Express: ""New law to tackle moped muggers"" #tomorrowspaperstoday #bbcpapers (via @BBCHelenaLee) https://t.co/UtUQLCk6yt",81,0.0,0.0,1.0,0.0
82,BBCNews,"Saturday‚Äôs Daily Mail: ""Off the rails!"" #tomorrowspaperstoday #bbcpapers (via @BBCHelenaLee) https://t.co/v8a1aZkBmj",82,0.0,0.0,1.0,0.0
83,BBCNews,"Saturday‚Äôs Guardian: ""Army ads targeting stressed teenagers"" #tomorrowspaperstoday #bbcpapers (via @BBCHelenaLee) https://t.co/Lg0fYYcbGL",83,-0.34,0.0,0.821,0.179
84,BBCNews,"Saturday‚Äôs Sun: ""Tosh &amp; Becks"" #tomorrowspaperstoday #bbcpapers (via @BBCHelenaLee) https://t.co/tqo84swF0g",84,0.0,0.0,1.0,0.0
85,BBCNews,"Saturday‚Äôs Times: ""Trump turns up the heat as G7 splits over Russia"" #tomorrowspaperstoday #bbcpapers (via‚Ä¶ https://t.co/EXbSG1x8vR",85,0.0,0.0,1.0,0.0
86,BBCNews,"Saturday's Mirror: ""Sir Kenny"" #tomorrowspaperstoday #bbcpapers (via @BBCHelenaLee) https://t.co/50XuaBXtHG",86,0.0,0.0,1.0,0.0
87,BBCNews,"Saturday's i: ""Birthday honours for the best of British"" #tomorrowspaperstoday #bbcpapers (via @BBCHelenaLee) https://t.co/pG68kIY6GZ",87,0.8126,0.381,0.619,0.0
88,BBCNews,"Saturday's FT: ""BT cuts off Patterson to calm City"" #tomorrowspaperstoday #bbcpapers (via @BBCHelenaLee) https://t.co/6A2AgGF3Yx",88,0.0258,0.139,0.727,0.133
89,BBCNews,Super League: St Helens 26-4 Hull Kingston Rovers https://t.co/9oNaXzNxw1,89,0.5994,0.328,0.672,0.0
90,BBCNews,Richard Scudamore: Premier League chief plays down prospect of European super league https://t.co/MVs26qXe6G,90,0.7964,0.448,0.552,0.0
91,BBCNews,Birthday Honours 2018: Twelve famous faces https://t.co/87DmVSVOmx,91,0.4939,0.348,0.652,0.0
92,BBCNews,Sir Elton John urges social media boycott over hate speech https://t.co/R1daWpz9yt,92,-0.7184,0.0,0.6,0.4
93,BBCNews,Birthday Honours 2018: Kenny Dalglish and Emma Thompson head list https://t.co/aXo0xyY9qk,93,0.4939,0.242,0.758,0.0
94,BBCNews,"Queen's Birthday Honours: Kenny Dalglish knighted, Anthony Joshua becomes OBE https://t.co/G0PkxEUruf",94,0.4939,0.242,0.758,0.0
95,BBCNews,Women's World Cup Qualifying: Russia Women 1-3 England Women highlights https://t.co/hX6MpJm6Kg,95,0.0,0.0,1.0,0.0
96,BBCNews,Jean-Pierre Bemba: Congo warlord's conviction overturned https://t.co/e1aavIKy8y,96,0.0,0.0,1.0,0.0
97,BBCNews,US soldier killed in Somalia firefight https://t.co/OxESIdTqNR,97,-0.6705,0.0,0.571,0.429
98,BBCNews,Max Verstappen quickest in Canadian GP second practice https://t.co/sJAe8ZrWsw,98,0.0,0.0,1.0,0.0
99,BBCNews,World Cup warm-up match: Germany 2-1 Saudi Arabia https://t.co/SINZ1rcpR3,99,0.0,0.0,1.0,0.0
100,CBSNews,"Shahab fled Iran after he was beaten and jailed for converting to Christianity. Now in the U.S., he‚Äôs free from all‚Ä¶ https://t.co/0fctuXaeRS",0,-0.4019,0.117,0.671,0.212
101,CBSNews,Russian President Vladimir Putin was caught delicately crafting dumplings Friday during his visit to China https://t.co/beLeCP6unJ,1,0.1779,0.116,0.809,0.075
102,CBSNews,Doctors told her parents she likely wouldn't live long‚Äî then that she would never walk. This 19-year-old with cereb‚Ä¶ https://t.co/SKziTGHEFj,2,0.0,0.0,1.0,0.0
103,CBSNews,The 2018 Belmont Stakes is set to take place this evening -- and one horse is hoping to win the Triple Crown‚Ä¶ https://t.co/lQDgMcPIPd,3,0.765,0.239,0.761,0.0
104,CBSNews,"Ahead of the highly-anticipated summit with North Korea, @CBSEveningNews anchor @JeffGlor is in Singapore:‚Ä¶ https://t.co/MnZjShPdgw",4,0.0,0.0,1.0,0.0
105,CBSNews,"Electric cars are already here. Now, companies are looking to move the technology into another space: airplanes.‚Ä¶ https://t.co/JhtJSzubZs",5,0.0,0.0,1.0,0.0
106,CBSNews,RT @CBSThisMorning: .@TheTonyAwards are on @CBS tomorrow night! Here‚Äôs a look at some of the preparations ahead of Broadway‚Äôs biggest night‚Ä¶,6,0.0,0.0,1.0,0.0
107,CBSNews,President Trump said it won't take long for him to tell if North Korean leader Kim Jong Un is serious about denucle‚Ä¶ https://t.co/sKVAqhatkJ,7,-0.0772,0.0,0.944,0.056
108,CBSNews,The family in charge of the Singapore hotel hosting the U.S.-North Korea summit shares Trump-like ambition‚Ä¶ https://t.co/sDTZlDpuBg,8,0.296,0.121,0.879,0.0
109,CBSNews,"Top-ranked Simona Halep wins the #FrenchOpen by defeating Sloane Stephens 3-6, 6-4, 6-1 https://t.co/en40gwzJJT https://t.co/SHLFffYyEO",9,0.2732,0.192,0.674,0.135
110,CBSNews,"He risked his life, traveling thousands of miles to cross the U.S. border, but his journey is far from over. Stream‚Ä¶ https://t.co/1CyQsRrk9D",10,-0.1154,0.0,0.935,0.065
111,CBSNews,The Afghan Taliban announced a 3-day cease-fire for the Eid al-Fitr holiday at the end of the holy month of Ramadan‚Ä¶ https://t.co/CrcHIAuFe1,11,0.4019,0.119,0.881,0.0
112,CBSNews,"President Trump says he will ""know in the first minute"" whether North Korean leader Kim Jong Un is ""serious"" about‚Ä¶ https://t.co/47Aqo1HEga",12,0.0,0.0,1.0,0.0
113,CBSNews,Prince Harry and Meghan Markle joined the pageantry of the annual Trooping the Color ceremony to celebrate Queen El‚Ä¶ https://t.co/0YsALCVVNH,13,0.5719,0.163,0.837,0.0
114,CBSNews,WATCH: Take a look at how the coastline of Hawaii's Big Island has changed since the Kilauea volcano began erupting‚Ä¶ https://t.co/MhZSAxyHnr,14,0.0,0.0,1.0,0.0
115,CBSNews,4 U.S. service members who were wounded in an extremist attack in Somalia that killed one special operations soldie‚Ä¶ https://t.co/bcEyYzRuJl,15,-0.7096,0.103,0.608,0.289
116,CBSNews,"Reporter: How long do you¬†think it will take you to¬†figure out whether Kim Jong Un is¬†serious?

President Trump: ‚ÄúI‚Ä¶ https://t.co/OBU0BrL9qf",16,-0.0772,0.0,0.944,0.056
117,CBSNews,"President Trump says the U.S. relationship with its allies ""is a 10"" following G-7 summit https://t.co/syywHUMwLG https://t.co/mtKO3vrHT7",17,0.0,0.0,1.0,0.0
118,CBSNews,"""You know, Obama can say all he wants, but he allowed Russia to take Crimea. I may have had a much different attitu‚Ä¶ https://t.co/E3sMsGuxnK",18,0.0,0.0,1.0,0.0
119,CBSNews,"""Tariffs are going to come way down because we people cannot continue to do that,"" President Trump says. ""We are li‚Ä¶ https://t.co/oU0EL8VFIN",19,0.0,0.0,1.0,0.0
120,CBSNews,"""I think it would be an asset to¬†have Russia back in [the G-7].¬†I think it would be good for¬†the world,"" President‚Ä¶ https://t.co/SjvNCse3XM",20,0.6597,0.197,0.803,0.0
121,CBSNews,"""I really feel confident. I feel that Kim Jong Un wants to do something great for his people, and he has that oppor‚Ä¶ https://t.co/vife8VEUjx",21,0.8214,0.265,0.735,0.0
122,CBSNews,"""I will be on a mission of peace, and we will carry in, really -- in my heart, we are going to be carrying the hear‚Ä¶ https://t.co/kAORBwtI0w",22,0.5423,0.123,0.877,0.0
123,CBSNews,"""We want and expect other nation to provide fair market access to American exports and that we will take whatever s‚Ä¶ https://t.co/Ss7moC0GQc",23,0.3818,0.153,0.847,0.0
124,CBSNews,WATCH LIVE: President Trump delivers statement at G-7 summit as he prepares to head to Singapore for meeting with N‚Ä¶ https://t.co/8ZKOqjf4qs,24,0.0,0.0,1.0,0.0
125,CBSNews,"For more than a year, Florida failed to do national background checks that could have disqualified people from gain‚Ä¶ https://t.co/hvt09tJdaV",25,-0.7269,0.0,0.736,0.264
126,CBSNews,Can President Trump and Kim Jong Un end the 68-year-old Korean War? https://t.co/yJYhxdnN74 https://t.co/z54J6O7jJK,26,-0.5994,0.0,0.769,0.231
127,CBSNews,Search teams have located the body of a woman who vanished Friday in a suspected alligator attack‚Ä¶ https://t.co/wg7RX1ZqLv,27,-0.2263,0.0,0.888,0.112
128,CBSNews,"""Zero trust"" between U.S. and North Korea ahead of historic summit https://t.co/2bT4TFLoUf https://t.co/8VpZ7gHoRk",28,0.5106,0.216,0.784,0.0
129,CBSNews,"University offers $3,500 to get sick and stay in ""Hotel Influenza"" https://t.co/pHdAork3OW https://t.co/pnJwdLVXQE",29,-0.5106,0.0,0.784,0.216
130,CBSNews,"Gloria Williams sentenced for kidnapping newborn from hospital, raising child as her own https://t.co/oQxTlSaIMO https://t.co/RPOft178nu",30,-0.0258,0.0,0.927,0.073
131,CBSNews,"Mother, her boyfriend sentenced in boy's ""beyond animalistic"" child abuse death https://t.co/P61Ja7u7kS https://t.co/1OI79KPaIj",31,-0.8481,0.0,0.521,0.479
132,CBSNews,Former Senate Intel staffer accused of lying to FBI makes first court appearance https://t.co/Ci68UqgVxb https://t.co/tLQ2bY4iDB,32,-0.6808,0.0,0.699,0.301
133,CBSNews,Teen escorted from U.S. by ICE slain soon after in Mexico: Report https://t.co/JWiopRQHMA https://t.co/QDGXtfRMjl,33,0.0,0.0,1.0,0.0
134,CBSNews,Fox News' Charles Krauthammer says he has weeks to live https://t.co/4HPbRwLsAc https://t.co/wz1UiswLri,34,0.0,0.0,1.0,0.0
135,CBSNews,Palestinians killed in protest near Israel-Gaza border https://t.co/DhtoKuJN9x https://t.co/qGbxFIUtK2,35,-0.7579,0.0,0.519,0.481
136,CBSNews,Group photo masks underlying tension at G-7 summit https://t.co/gWeG8c22fI https://t.co/2Aqe8J9lyH,36,-0.3182,0.0,0.796,0.204
137,CBSNews,"Mom in ""affluenza"" case in Texas jail after positive drug test https://t.co/BdS7ls5VfD https://t.co/07u57WLNPp",37,0.5574,0.231,0.769,0.0
138,CBSNews,Stars react to Anthony Bourdain's death https://t.co/XaqFFj4SOP https://t.co/i6KvwcoZeI,38,-0.5994,0.0,0.642,0.358
139,CBSNews,$315M Powerball Jackpot winner comes forward https://t.co/ld8gpKWB2g https://t.co/MDyi8AsNCn,39,0.5859,0.352,0.648,0.0
140,CBSNews,Former security chief for Senate Intelligence Committee indicted https://t.co/WWaotj7p68 https://t.co/XSkfk4QC4s,40,0.6705,0.407,0.593,0.0
141,CBSNews,Teen's arrest prompts new use-of-force investigation for Mesa police https://t.co/AomCZUrMUq https://t.co/2NSzowvnSO,41,-0.34,0.0,0.806,0.194
142,CBSNews,Stormy Daniels' former attorney countersues https://t.co/CHACqidrrE https://t.co/j0JS2Q636P,42,0.0,0.0,1.0,0.0
143,CBSNews,5 dangerous myths about Social Security https://t.co/L97dCCNTK4 https://t.co/nJTclEeU31,43,-0.1779,0.229,0.476,0.295
144,CBSNews,"Suspect in fatal crash tells TV station: ""People hit and run people all the time"" https://t.co/ZUpGexiSHj https://t.co/ri9u6P6eBF",44,-0.8126,0.0,0.625,0.375
145,CBSNews,High school valedictorian says mic was cut before speaking about sex assault https://t.co/VHy6P86iZW https://t.co/vr3OZuZ8NN,45,-0.7096,0.0,0.67,0.33
146,CBSNews,Woman who led private investigator to stepson's decomposing remains found dead https://t.co/ifW3Y8NNWh https://t.co/fINIm2HenM,46,-0.6486,0.0,0.736,0.264
147,CBSNews,"Gloria Williams sentenced for kidnapping newborn from hospital, raising child as her own https://t.co/dZbiYaOlNs https://t.co/nGg2JYkFQv",47,-0.0258,0.0,0.927,0.073
148,CBSNews,"University offers $3,500 to get sick and stay in ""Hotel Influenza"" https://t.co/qmdxJHvro3 https://t.co/Ay5D1Hnrk9",48,-0.5106,0.0,0.784,0.216
149,CBSNews,"Mother, her boyfriend sentenced in boy's ""beyond animalistic"" child abuse death https://t.co/NSvhsLD5YS https://t.co/Es5pmEwguh",49,-0.8481,0.0,0.521,0.479
150,CBSNews,"Asia Argento, girlfriend of Anthony Bourdain, ""beyond devastated"" https://t.co/iYY5HTPcVe https://t.co/twNUJmiCIp",50,-0.6124,0.0,0.692,0.308
151,CBSNews,Fox News' Charles Krauthammer says he has weeks to live https://t.co/fbQ25GCArj https://t.co/7YOc4ptMl0,51,0.0,0.0,1.0,0.0
152,CBSNews,"Researchers say they're on the verge of creating a revolutionary, non-addictive painkiller https://t.co/u9kM4XUWXI https://t.co/KJLneHl9Xg",52,0.296,0.155,0.845,0.0
153,CBSNews,Palestinians killed in protest near Israel-Gaza border https://t.co/Gcf57qhHp6 https://t.co/yEeiclWjS0,53,-0.7579,0.0,0.519,0.481
154,CBSNews,"Trump says he may pardon Muhammad Ali, who does not need a pardon https://t.co/CSfrmCESau https://t.co/lEbE35xvkE",54,0.5574,0.277,0.723,0.0
155,CBSNews,Stars react to Anthony Bourdain's death https://t.co/ZAvjD1gHKv https://t.co/Xzyn9wv60j,55,-0.5994,0.0,0.642,0.358
156,CBSNews,"Mom in ""affluenza"" case in Texas jail after positive drug test https://t.co/Aryj6AEkAZ https://t.co/K39a1CtDfC",56,0.5574,0.231,0.769,0.0
157,CBSNews,Kate Spade's father said he spoke to her the night before she died https://t.co/hPhLaiRl9K https://t.co/xbutyk3sKb,57,-0.5574,0.0,0.795,0.205
158,CBSNews,$315M Powerball Jackpot winner comes forward https://t.co/EtmEQjQ1iD https://t.co/wzu4QQsb9J,58,0.5859,0.352,0.648,0.0
159,CBSNews,Teen's arrest prompts new use-of-force investigation for Mesa police https://t.co/Ojn5ufeZQW https://t.co/P2IlJl7Y8v,59,-0.34,0.0,0.806,0.194
160,CBSNews,Stormy Daniels' former attorney countersues https://t.co/9TcJ8awSG0 https://t.co/Y7HjJ8RZAA,60,0.0,0.0,1.0,0.0
161,CBSNews,5 dangerous myths about Social Security https://t.co/eJR8SNXxF6 https://t.co/bpF6XXuB01,61,-0.1779,0.229,0.476,0.295
162,CBSNews,High school valedictorian says mic was cut before speaking about sex assault https://t.co/HPzGQvfP6v https://t.co/y4vjIuSSbB,62,-0.7096,0.0,0.67,0.33
163,CBSNews,Woman who led private investigator to stepson's decomposing remains found dead https://t.co/tIzWD3pZII https://t.co/EylAtAJMjM,63,-0.6486,0.0,0.736,0.264
164,CBSNews,"Gloria Williams sentenced for kidnapping newborn from hospital, raising child as her own https://t.co/vbyN5oULaN https://t.co/7WLUMDNYDH",64,-0.0258,0.0,0.927,0.073
165,CBSNews,"The Warriors defeated LeBron James and the Cavaliers 108-85, completing a perfect 4-0 sweep https://t.co/Byn9sLKXGL https://t.co/V4KNZy4IAt",65,0.1531,0.187,0.657,0.157
166,CBSNews,Woman missing after reported alligator attack in Florida https://t.co/GP0MEsucEt https://t.co/Bs3cVoxsSk,66,-0.6486,0.0,0.602,0.398
167,CBSNews,"Mother, her boyfriend sentenced in boy's ""beyond animalistic"" child abuse death https://t.co/p2zYrsgywF https://t.co/rKKuaUzghZ",67,-0.8481,0.0,0.521,0.479
168,CBSNews,"Asia Argento, girlfriend of Anthony Bourdain, ""beyond devastated"" https://t.co/e1GU9vOKPn https://t.co/RrDJwtAUm4",68,-0.6124,0.0,0.692,0.308
169,CBSNews,Fox News' Charles Krauthammer says he has weeks to live https://t.co/jIOUmPjHSU https://t.co/jIGRsinthx,69,0.0,0.0,1.0,0.0
170,CBSNews,Revelations of a Chinese cyberattack on a U.S. Navy contractor comes days before President Trump attends a summit w‚Ä¶ https://t.co/nJQCbqjMaP,70,0.0,0.0,1.0,0.0
171,CBSNews,"""The future is now"": Policymakers and businesses are ill-prepared to help workers navigate the transition and adapt‚Ä¶ https://t.co/fzNPQYkxY7",71,0.4019,0.137,0.863,0.0
172,CBSNews,"Honda slates its Super Cub, the best selling motor vehicle of all time, for a rerelease in the U.S. next year‚Ä¶ https://t.co/G24r4LbrgS",72,0.8442,0.299,0.701,0.0
173,CBSNews,"Whichever team wins the NBA championship, President Trump says he won't be inviting them to the White House:‚Ä¶ https://t.co/1IAxkFizbd",73,0.6846,0.269,0.651,0.08
174,CBSNews,Special counsel brings new charges against President Trump's campaign chairman Paul Manafort and a longtime associa‚Ä¶ https://t.co/Zdgogo6XPW,74,0.1531,0.144,0.745,0.112
175,CBSNews,"""We appreciate President Trump's sentiment, but a pardon is unnecessary,"" says the lawyer for late heavyweight boxi‚Ä¶ https://t.co/kMg5ejkSoP",75,0.5859,0.242,0.758,0.0
176,CBSNews,"The threats facing our oceans might seem like an overwhelming tsunami of problems, but there is still hope. Here ar‚Ä¶ https://t.co/pQVVMv5yCH",76,0.431,0.213,0.645,0.142
177,CBSNews,"If you or someone you know is struggling or in crisis, you are not alone. https://t.co/OzkLuk4t2k https://t.co/6ewHgkL6mp",77,-0.7319,0.077,0.618,0.305
178,CBSNews,Israeli troops used tear gas and live ammunition on thousands of Palestinian protestors Friday. Officials say four‚Ä¶ https://t.co/ri7jZtvdDF,78,0.0,0.0,1.0,0.0
179,CBSNews,"Culinary war-correspondent. Back-of-house immigration advocate. Humanitarian travel writer. A breaker of molds, Ant‚Ä¶ https://t.co/bNcQCJSzwk",79,0.0,0.0,1.0,0.0
180,CBSNews,A New York taxi medallion used to be a safe investment to park one's life savings in. Ride-share competition has le‚Ä¶ https://t.co/Rjxqi3YkMi,80,0.4404,0.132,0.868,0.0
181,CBSNews,"He risked his life, traveling thousands of miles to cross the U.S. border, but his journey is far from over. Stream‚Ä¶ https://t.co/mu48Q6mYlv",81,-0.1154,0.0,0.935,0.065
182,CBSNews,"RT @CBSEveningNews: A woman vanished today by a lake in south Florida
 
The chief suspect in her disappearance is a large alligator

@David‚Ä¶",82,-0.296,0.0,0.896,0.104
183,CBSNews,An Ohio teen with cerebral palsy walked in her high school graduation to her mother's surprise and a standing ovati‚Ä¶ https://t.co/FlNZIJDPni,83,0.2732,0.1,0.9,0.0
184,CBSNews,RT @CBSEveningNews: Celebrity chef Anthony Bourdain was found dead today in his hotel room in France -- an official said he hanged himself‚Ä¶,84,-0.6486,0.0,0.837,0.163
185,CBSNews,An American special forces soldier was killed and four other servicemen were wounded during a multiple-day operatio‚Ä¶ https://t.co/hvcglo1SOg,85,-0.4215,0.122,0.676,0.203
186,CBSNews,"""The Worm"" is going to Singapore; White House officials, however, have repeatedly said that former NBA star Dennis‚Ä¶ https://t.co/UM8lMGC8wG",86,0.0,0.0,1.0,0.0
187,CBSNews,"Mitt Romney, formerly the face of the ""Never Trump"" movement in 2016, sees the president being re-nominated ""easily‚Ä¶ https://t.co/ZFQfrlOX2u",87,0.0,0.0,1.0,0.0
188,CBSNews,Democratic senators want to know if anyone on Wall Street was tipped off with information related to President Trum‚Ä¶ https://t.co/80kOsMl9Se,88,0.0772,0.064,0.936,0.0
189,CBSNews,"WATCH LIVE: Pres. Trump, Canadian PM Justin Trudeau meet at G7 summit in Charlevoix, Quebec https://t.co/k6VYtNcnL0 https://t.co/ji6kozHSPV",89,0.0,0.0,1.0,0.0
190,CBSNews,Revelations of a Chinese cyberattack on a U.S. Navy contractor comes days before President Trump attends a summit w‚Ä¶ https://t.co/mfrUgWGXxt,90,0.0,0.0,1.0,0.0
191,CBSNews,"""The future is now"": Policymakers and businesses are ill-prepared to help workers navigate the transition and adapt‚Ä¶ https://t.co/uXFufQIhVH",91,0.4019,0.137,0.863,0.0
192,CBSNews,$1.5 billion in campaign support was not enough for several candidates backed by George Soros to oust the incumbent‚Ä¶ https://t.co/EKf8NKGzO2,92,0.4215,0.174,0.826,0.0
193,CBSNews,"Honda slates its Super Cub, the best selling motor vehicle of all time, for a rerelease in the U.S. next year‚Ä¶ https://t.co/6l1bgDfisP",93,0.8442,0.299,0.701,0.0
194,CBSNews,"With one last look at the crowd, Marmalade the harbor seal dived back into the waves off the coast of Ocean City, M‚Ä¶ https://t.co/4aAYTzVmSF",94,0.0,0.0,1.0,0.0
195,CBSNews,Kia is recalling over a half-million vehicles in the U.S. because the air bags may not work in a crash‚Ä¶ https://t.co/5EASH4rhUA,95,-0.6369,0.0,0.811,0.189
196,CBSNews,"""We are accountable to the people who use what we make"": Facebook COO Sheryl Sandberg's MIT commencement speech urg‚Ä¶ https://t.co/b0ZhxaFHlJ",96,0.0,0.0,1.0,0.0
197,CBSNews,Authorities are investigating the reported suicide of a Kansas woman who led a private investigator to the decompos‚Ä¶ https://t.co/TapZCfxZeU,97,-0.6705,0.0,0.78,0.22
198,CBSNews,"Whichever team wins the NBA championship, President Trump says he won't be inviting them to the White House:‚Ä¶ https://t.co/kk5EWWDu3Q",98,0.6846,0.269,0.651,0.08
199,CBSNews,"MOMENTS AGO: President Trump and other G7 leaders take ""family photo"" at summit in Quebec https://t.co/gPokHDkAxK https://t.co/2e6r5Sma2o",99,0.0,0.0,1.0,0.0
200,CNN,The small (but not insignificant) ways Anthony Bourdain made a difference in the lives of some everyday people‚Ä¶ https://t.co/TMK8f9nYfC,0,0.0,0.0,1.0,0.0
201,CNN,"In the history of horse racing, only 12 horses have ever won the fabled Triple Crown. But why is this trophy so dif‚Ä¶ https://t.co/gDu0o6AgPX",1,0.3291,0.093,0.907,0.0
202,CNN,"President Trump, while making remarks at the G7 summit, says he has not spoken to Vladimir Putin in ""quite a while,‚Ä¶ https://t.co/4qmAImsiL4",2,0.0,0.0,1.0,0.0
203,CNN,This computer can do more calculations per second than the world's population could do in a year‚Ä¶ https://t.co/wqlDQvYF3L,3,0.0,0.0,1.0,0.0
204,CNN,"At the G7 meeting, President Trump called for an end to tariffs and scolded other countries for using the United St‚Ä¶ https://t.co/KG7SFGii09",4,0.4215,0.118,0.882,0.0
205,CNN,BlackBerry still hopes its keyboard keeps fans coming back https://t.co/AodQi1CBVV https://t.co/8KbIHW3k74,5,0.4215,0.219,0.781,0.0
206,CNN,The race to save the Great Barrier Reef? A coral fertility treatment designed to help damaged parts of the reef is‚Ä¶ https://t.co/MD6vhMxOh8,6,0.765,0.329,0.526,0.145
207,CNN,"What is a tariff? Your trade questions, answered https://t.co/AIJVEEOzHM https://t.co/HT5UJDzzjl",7,0.0,0.0,1.0,0.0
208,CNN,A Sikh soldier wore a turban in Queen Elizabeth ll's official birthday parade https://t.co/LK0fihnFB2 https://t.co/142baFgcVA,8,0.0,0.0,1.0,0.0
209,CNN,A former diplomat at the Vatican Embassy in Washington has been indicted by a Vatican court for possession of child‚Ä¶ https://t.co/CSRKlOzeg8,9,0.0,0.0,1.0,0.0
210,CNN,Simona Halep wins first grand slam title by beating Sloane Stephens at the French Open https://t.co/0tMJbvB40e https://t.co/s3YRroOgXu,10,0.2732,0.265,0.514,0.221
211,CNN,President Trump doubles down on his call for Russia to be readmitted into the G7 and blames former President Obama‚Ä¶ https://t.co/3zkWB92wwY,11,-0.4019,0.0,0.881,0.119
212,CNN,The Trump administration's latest attack on Obamacare would gut protections for the sick https://t.co/ikBcCkGeAT https://t.co/ehXI4vF0vc,12,-0.7506,0.0,0.67,0.33
213,CNN,Construction workers in the UK have found wads of cash dating back to World War II at a shop that once belonged to‚Ä¶ https://t.co/Zuo9XcYf9a,13,-0.5994,0.0,0.849,0.151
214,CNN,"Anthony Bourdain's fans turned the restaurant where he shot to fame as a chef into a memorial, leaving roses and no‚Ä¶ https://t.co/5fg9y1cERL",14,0.4404,0.132,0.868,0.0
215,CNN,"Hall of Fame trainer Bob Baffert, who is looking to make history with a win today at the Belmont Stakes, compares h‚Ä¶ https://t.co/sUsVNh98tA",15,0.7717,0.251,0.749,0.0
216,CNN,"The week began with news of Trump canceling the Philadelphia Eagles' visit to the White House, and ended with news‚Ä¶ https://t.co/H1ILtBxF1W",16,0.0,0.0,1.0,0.0
217,CNN,Illinois Republicans in Congress are making an urgent plea to President Trump: Don't let Rod Blagojevich off the ho‚Ä¶ https://t.co/L4UPCaV1kD,17,0.2023,0.087,0.913,0.0
218,CNN,Former Trump campaign chairman Paul Manafort and his attorneys struck back at special counsel Robert Mueller's char‚Ä¶ https://t.co/m4eIhVUiWL,18,0.1779,0.13,0.773,0.097
219,CNN,"Charles Krauthammer, the famed conservative columnist, informed readers that he is confronting an aggressive form o‚Ä¶ https://t.co/7vTbQ8M6D8",19,-0.296,0.0,0.824,0.176
220,CNN,"Prince Harry and Meghan, Duchess of Sussex, joined celebrations of Queen Elizabeth II's official birthday with the‚Ä¶ https://t.co/UkiwKzYsxC",20,0.0,0.0,1.0,0.0
221,CNN,Republicans haven't won statewide in Virginia since 2009. Tuesday's Senate primary shows why:‚Ä¶ https://t.co/xkWpPfkUCE,21,-0.4585,0.0,0.813,0.187
222,CNN,President Trump says he thinks he‚Äôll know ‚Äúwithin the first minute‚Äù if North Korea is serious about peace‚Ä¶ https://t.co/kRdFefn4fN,22,-0.0772,0.0,0.933,0.067
223,CNN,"RT @CNNPolitics: Trump: ""I think it would be asset to have Russia back in. I think it would be good for the world. I think it would be good‚Ä¶",23,0.6597,0.178,0.822,0.0
224,CNN,"""Consumer Financial Protection Bureau acting director Mick Mulvaney has ousted a committed group of experts who vol‚Ä¶ https://t.co/l36frkFEtw",24,0.2732,0.116,0.884,0.0
225,CNN,President Trump on the upcoming North Korea meeting: ‚ÄúI really feel confident. I feel that Kim Jong Un wants to do‚Ä¶ https://t.co/D0Fi57k3zj,25,0.539,0.148,0.852,0.0
226,CNN,Things don't look good for Dodge and Chrysler https://t.co/twYdKzCpZ4 https://t.co/9aKZvGnuQG,26,-0.3412,0.0,0.789,0.211
227,CNN,"President Trump: Trade was ""at the top of the list"" at G7 discussions because ""the United States has been taken adv‚Ä¶ https://t.co/u6247HzPsj",27,0.5574,0.187,0.813,0.0
228,CNN,President Trump is speaking at the G7 before heading to Singapore for the summit with Kim Jong Un. Watch live on CN‚Ä¶ https://t.co/dNYLQOvVEk,28,0.0,0.0,1.0,0.0
229,CNN,President Trump is planning to depart the G7 ahead of climate change talks https://t.co/bfFqMKTIrg https://t.co/6PkzSs4guA,29,0.0,0.0,1.0,0.0
230,CNN,Former President Obama says he‚Äôll always remember the meal he shared with Anthony Bourdain in Vietnam: ‚ÄúHe taught u‚Ä¶ https://t.co/XI67jcoy55,30,0.34,0.112,0.888,0.0
231,CNN,President Trump's tariffs on steel and aluminum threaten America's booming RV industry https://t.co/FxOEFN6Sx2 https://t.co/zpDj0uGxRI,31,-0.3818,0.0,0.833,0.167
232,CNN,"What is a tariff? Your trade questions, answered https://t.co/8Fylq20zXj https://t.co/pSfQJhAnZR",32,0.0,0.0,1.0,0.0
233,CNN,The Duke and Duchess of Sussex celebrate Queen Elizabeth II's official birthday with the traditional Trooping the C‚Ä¶ https://t.co/L2o8IJcNej,33,0.5719,0.171,0.829,0.0
234,CNN,"One step on the island of Bermuda, and it's impossible not to be moved by its beauty, history, simplicity and charm‚Ä¶ https://t.co/mPpGOqifbk",34,0.5859,0.153,0.847,0.0
235,CNN,"As the millions of US children diagnosed with ADHD move into adulthood, more and more are wondering whether to cont‚Ä¶ https://t.co/Qs5xlj8fwK",35,0.0,0.0,1.0,0.0
236,CNN,"Fans around the world mourn chef and storyteller Anthony Bourdain, sharing memories of how his travels, food and co‚Ä¶ https://t.co/jiW8HhY9ia",36,0.0,0.119,0.763,0.119
237,CNN,"Does a pharmacy have an obligation to help a patient be sure that insurance will cover a prescription?

That's the‚Ä¶ https://t.co/2Jxsnx7cI0",37,0.6124,0.238,0.762,0.0
238,CNN,Twitter has had a stunning turnaround https://t.co/hzutT84IrC https://t.co/AK7R50K5mh,38,0.3818,0.302,0.698,0.0
239,CNN,IHOP says it's changing name to IHOb. Many major companies also have rebranded ‚Äî some successfully and some not so‚Ä¶ https://t.co/Xz5NjtpaqH,39,0.4939,0.144,0.856,0.0
240,CNN,Mars is suddenly more interesting | By Jonathan Lunine via @CNNOpinion https://t.co/EA2ETHIldR https://t.co/fgmZax7nwV,40,0.4576,0.214,0.786,0.0
241,CNN,Construction workers in the UK have found wads of cash dating back to World War II at a shop that once belonged to‚Ä¶ https://t.co/TYdsjSziK7,41,-0.5994,0.0,0.849,0.151
242,CNN,"During her commencement address to the MIT Class of 2018, Facebook COO Sheryl Sandberg spoke candidly about Faceboo‚Ä¶ https://t.co/hznkJTzAPH",42,0.0,0.0,1.0,0.0
243,CNN,"Charles Krauthammer, the famed conservative columnist, informed readers that he is confronting an aggressive form o‚Ä¶ https://t.co/H6R3LykoER",43,-0.296,0.0,0.824,0.176
244,CNN,"Will we ever fly like the Jetsons? This company just unveiled its first commercial flying car, Flyer ‚Äî and‚Ä¶ https://t.co/uRJsH7yPmG",44,0.3612,0.122,0.878,0.0
245,CNN,The race to save the Great Barrier Reef? A coral fertility treatment designed to help damaged parts of the reef is‚Ä¶ https://t.co/AGpnS1dn0C,45,0.765,0.329,0.526,0.145
246,CNN,"Organizers of a fashion show in Saudi Arabia used drones to display female clothes, drawing ridicule on social medi‚Ä¶ https://t.co/cgo5HTjIJd",46,-0.4588,0.0,0.857,0.143
247,CNN,"From delivery to aviation, Dubai is at the forefront of drone experimentation. Here's a look at what the future hol‚Ä¶ https://t.co/IZMve8IRLb",47,0.0,0.0,1.0,0.0
248,CNN,Are windowless planes the future of travel? https://t.co/Fjc2m6WgtG https://t.co/ux29QpKXWA,48,0.0,0.0,1.0,0.0
249,CNN,"Hurricanes and tropical storms are moving more slowly around the planet, resulting in higher rainfall and more extr‚Ä¶ https://t.co/8qyqjq9IGd",49,0.0,0.0,1.0,0.0
250,CNN,"The Afghan Taliban called for a three-day ceasefire with Afghan forces over the Eid al-Fitr holiday, a move that fo‚Ä¶ https://t.co/BLmTAtjmRg",50,0.4019,0.13,0.87,0.0
251,CNN,"Tyler Soloman wiped tears of joy off his face after his father, who'd been deployed overseas, surprised Tyler by sh‚Ä¶ https://t.co/uzD0GNZH2P",51,0.5859,0.223,0.703,0.074
252,CNN,"Penguins, Seals, and Krill: Antarctica's fragile food chain | via @CNNVR https://t.co/1BBRFfOzWk https://t.co/G46D0CB0wY",52,0.0,0.0,1.0,0.0
253,CNN,Anthony Bourdain's life in pictures https://t.co/76sjWPlMRR https://t.co/MtFAqaoDvC,53,0.0,0.0,1.0,0.0
254,CNN,"The US Embassy in Mozambique has warned of ""imminent attacks"" against government and commercial centers in a northe‚Ä¶ https://t.co/EoDJsFFoOM",54,-0.6124,0.0,0.762,0.238
255,CNN,Egypt is building The Grand Egyptian Museum. The cost? More than $1 billion. It will re-house and restore some of t‚Ä¶ https://t.co/R5c8mOlfrv,55,0.6369,0.206,0.794,0.0
256,CNN,The Justice Department won't defend the Deferred Action for Childhood Arrivals program in a federal lawsuit that Te‚Ä¶ https://t.co/0IJPEuEAF0,56,0.3612,0.16,0.751,0.089
257,CNN,President Trump is dressed as a king on the new Time magazine cover https://t.co/7pFcAHVSIF https://t.co/joUPfVBvUY,57,0.0,0.0,1.0,0.0
258,CNN,"First responders in Russellville, Arkansas, went above and beyond the call of duty to surprise a teen with autism a‚Ä¶ https://t.co/QtTP3JEFVL",58,0.2732,0.1,0.9,0.0
259,CNN,The world's highest glass bridge will soon be home to the world's highest bungee jump https://t.co/fAaotSRizW via‚Ä¶ https://t.co/t4WbdUBMFL,59,0.0,0.0,1.0,0.0
260,CNN,"Steamboat Geyser in Yellowstone National Park is erupting unusually often. One June 4, the geyser had its eighth er‚Ä¶ https://t.co/kzJPr5HFmj",60,0.0,0.0,1.0,0.0
261,CNN,"Researchers are looking into the possibility of using blood tests to predict a woman's risk of premature birth, whi‚Ä¶ https://t.co/vJZFkJZz7U",61,-0.2732,0.0,0.896,0.104
262,CNN,Watch these homes being built using a 3D printer https://t.co/igaBP4k4F8 https://t.co/cpQ97vRD2k,62,0.0,0.0,1.0,0.0
263,CNN,KFC says it will break with its meat-loving tradition and begin testing a vegetarian alternative to chicken later t‚Ä¶ https://t.co/WfVJGm649F,63,0.0,0.0,1.0,0.0
264,CNN,This Army soldier traveled from Iraq for his daughter‚Äôs graduation and surprised her at the rehearsal‚Ä¶ https://t.co/5UKjPCDo5W,64,0.2263,0.106,0.894,0.0
265,CNN,This is the poem a kindergarten teacher hung up so her students know what to do in a school shooting‚Ä¶ https://t.co/Tf587ohFnZ,65,0.0,0.0,1.0,0.0
266,CNN,Ever felt like your vacation would make a good blockbuster movie? This tour company aims to capture your travel exp‚Ä¶ https://t.co/DsmmE2rdJx,66,0.8519,0.354,0.646,0.0
267,CNN,This delivery man is being praised for taking a welcome mat's quirky instructions literally https://t.co/JTIKQxzCvS https://t.co/rZCmomGUOb,67,0.7351,0.323,0.677,0.0
268,CNN,Organic matter has been found on Mars in soil samples the Curiosity rover took from 3 billion-year-old mudstone in‚Ä¶ https://t.co/QrC1BQMFkl,68,0.0258,0.058,0.942,0.0
269,CNN,BlackBerry still hopes its keyboard keeps fans coming back https://t.co/AodQi1UcNt https://t.co/r2CaKtagX7,69,0.4215,0.219,0.781,0.0
270,CNN,"Venezuela ranks as the most dangerous country in the world for the second straight year, according to a new Gallup‚Ä¶ https://t.co/ywDhdCxqJn",70,-0.3597,0.082,0.773,0.146
271,CNN,This surveillance camera footage from last weekend shows a tiny asteroid that NASA says disintegrated over southern‚Ä¶ https://t.co/f10F3pY2Rw,71,0.0,0.0,1.0,0.0
272,CNN,Time cover gets Trump just right | By Michael D'Antonio via @CNNOpinion https://t.co/3Na14xHBeg https://t.co/MtWRm0tvV9,72,0.0,0.0,1.0,0.0
273,CNN,"One step on the island of Bermuda, and it's impossible not to be moved by its beauty, history, simplicity and charm‚Ä¶ https://t.co/FUbBJgpbPn",73,0.5859,0.153,0.847,0.0
274,CNN,The Golden State Warriors clinched their third NBA championship title in four years with a decisive 108-85 win over‚Ä¶ https://t.co/xFuSWVjOK6,74,0.8225,0.35,0.65,0.0
275,CNN,"Manuel Antonio Cano Pacheco grew up in Iowa. He was sent back to Mexico because of misdemeanor convictions, ICE say‚Ä¶ https://t.co/AHXBMGozjb",75,0.0,0.0,1.0,0.0
276,CNN,"As family and friends watch at a distance, phones set to record, a man places a watermelon into an alligator's jaws‚Ä¶ https://t.co/IwsAdq0ACH",76,0.4767,0.147,0.853,0.0
277,CNN,What's the secret to Okinawans' long life? Experts argue that though a combination of good genes and healthy lifest‚Ä¶ https://t.co/YqGC9CbZTo,77,0.4939,0.233,0.667,0.1
278,CNN,"RT @CNNTonight: ""Tony came raw to the picture, he came with his history of his own demons, he didn't hide that he had these terrible proble‚Ä¶",78,-0.3781,0.053,0.839,0.108
279,CNN,What is 5G? It's a wireless network technology that will change everything from how you use your phone to how self-‚Ä¶ https://t.co/zsnqRVLTtA,79,0.0,0.0,1.0,0.0
280,CNN,IHOP says it's changing name to IHOb. Many major companies also have rebranded ‚Äî some successfully and some not so‚Ä¶ https://t.co/Iogr95BePz,80,0.4939,0.144,0.856,0.0
281,CNN,"RT @CuomoPrimeTime: .@chriscuomo: Suicide is a dirty secret in our society. It is a plague. 

Reach out. Don‚Äôt wonder whats going on. Ask t‚Ä¶",81,-0.8074,0.04,0.691,0.269
282,CNN,"Gloria Williams, who nearly two decades ago took a baby girl from a Florida hospital and raised the child as her ow‚Ä¶ https://t.co/Di4Q1jkO6v",82,0.0,0.0,1.0,0.0
283,CNN,"RT @CuomoPrimeTime: .@davidaxelrod remembers Anthony Bourdain as well his father, a victim of suicide, and says stigma surrounding the topi‚Ä¶",83,-0.6705,0.085,0.648,0.267
284,CNN,"Dean Blanchard's home in coastal Louisiana bayou country is in crisis.

According to the US Geological Survey, more‚Ä¶ https://t.co/CBjgkN5iKx",84,-0.6249,0.0,0.814,0.186
285,CNN,The world reacts to the death of chef and storyteller Anthony Bourdain https://t.co/THajnhq5qZ https://t.co/P0xv9EWnEe,85,-0.5994,0.0,0.769,0.231
286,CNN,"RT @CuomoPrimeTime: Former aide to Donald Trump's presidential campaign, Michael Caputo, breaks with President Trump‚Äôs G8 proposal but says‚Ä¶",86,0.0,0.0,1.0,0.0
287,CNN,The kingdom that China just can't flip https://t.co/HCW0Ai23dg https://t.co/AcIGdp0nYQ,87,0.0,0.0,1.0,0.0
288,CNN,Egypt is building The Grand Egyptian Museum. The cost? More than $1 billion. It will re-house and restore some of t‚Ä¶ https://t.co/b0U21oIXxf,88,0.6369,0.206,0.794,0.0
289,CNN,How the Trump administration's latest attack on Obamacare could gut protections for the sick https://t.co/k1amBXucg0 https://t.co/aKKVqLIMbI,89,-0.7506,0.0,0.686,0.314
290,CNN,"Non-biodegradable chemicals called PFAS have been found in snow all over the world -- even here in the Antarctic, w‚Ä¶ https://t.co/Rgq2GxmK4k",90,0.0,0.0,1.0,0.0
291,CNN,"From pardons to Pruitt: Another long, busy week in the Trump White House | Analysis by CNN's Saba Hamedy‚Ä¶ https://t.co/L8venqdXDa",91,0.296,0.109,0.891,0.0
292,CNN,Illinois Republicans in Congress are making an urgent plea to President Donald Trump: Don't let Rod Blagojevich off‚Ä¶ https://t.co/GkgxlLl8c0,92,0.2023,0.091,0.909,0.0
293,CNN,"RT @CuomoPrimeTime: Anthony Bourdain friend Andrew Zimmern: ""Tony was one of the most important cultural interpreters of our time... its a‚Ä¶",93,0.6478,0.218,0.782,0.0
294,CNN,"Suicide prevention: here's how you can help | By Ford Vox, a physician specializing in rehabilitation medicine. Via‚Ä¶ https://t.co/Y3UI22Mrro",94,-0.4215,0.122,0.676,0.203
295,CNN,"RT @OutFrontCNN: ""People think, 'well, you're a priest, you know the answers to all of these mysteries,' and of course, I really don't."" -‚Ä¶",95,0.0,0.0,1.0,0.0
296,CNN,"HBO has ordered a pilot for a possible ""Game of Thrones"" prequel https://t.co/oRHLNujAVC https://t.co/wEWCD5dsYZ",96,0.0,0.0,1.0,0.0
297,CNN,The only world leader who can rely on Trump is Vladimir Putin | By Frida Ghitis via @CNNOpinion‚Ä¶ https://t.co/BlG4bVtzLY,97,0.0,0.0,1.0,0.0
298,CNN,"RT @AC360: .@andersoncooper: We have lost a friend, a travel companion who was always up for an adventure and one of this country‚Äôs greates‚Ä¶",98,0.4939,0.205,0.709,0.086
299,CNN,"Steamboat Geyser in Yellowstone National Park is erupting unusually often. One June 4, the geyser had its eighth er‚Ä¶ https://t.co/0XsZbucBdo",99,0.0,0.0,1.0,0.0
300,FoxNews,".@SeanHannity: ""President @BarackObama left Trump with unfettered international disaster after disaster."" #Hannity https://t.co/0lJuEwysLF",0,-0.6249,0.0,0.745,0.255
301,FoxNews,Republicans may have won the optics war on Congress' summer recess fight https://t.co/b1wIL2Onb0,1,-0.4215,0.183,0.495,0.322
302,FoxNews,"President @realDonaldTrump: ""Who are you with out of curiosity?""

Reporter: ""CNN.""

@POTUS: ""I figured - Fake News‚Ä¶ https://t.co/yXZpAqd07M",2,-0.4767,0.0,0.838,0.162
303,FoxNews,"'Jersey Shore' star Mike 'The Situation' Sorrentino will face tax evasion sentencing this fall
https://t.co/Hnfrd4ZLLb",3,-0.1531,0.0,0.897,0.103
304,FoxNews,"At his press briefing, President @realDonaldTrump said that the U.S. would no longer be a piggy bank robbed by othe‚Ä¶ https://t.co/WAwm8Fld4P",4,-0.296,0.0,0.896,0.104
305,FoxNews,Trump says US is like a 'piggy bank that everybody is robbing' on trade https://t.co/iAdue9Nmav https://t.co/ew7uxi8JFW,5,0.3612,0.152,0.848,0.0
306,FoxNews,Texas border patrol agents find 6 illegal immigrants trapped inside cabinets https://t.co/r5ANi7t94m,6,-0.7906,0.0,0.562,0.438
307,FoxNews,SUNDAY: @BretBaier is live in Singapore ahead of President @realDonaldTrump‚Äôs historic summit with North Korean lea‚Ä¶ https://t.co/Z9gEu1Zqo2,7,0.0,0.0,1.0,0.0
308,FoxNews,".@RepMcSally: ""@POTUS has made it clear that we will not tolerate them having a nuclear weapon that can hold a U.S.‚Ä¶ https://t.co/Z9kwm68cBa",8,0.1027,0.114,0.789,0.096
309,FoxNews,".@GrecianFormula on NK summit: ""My fear here is, I do not want [@POTUS] to give Kim Jong Un that handshake that wil‚Ä¶ https://t.co/2BcF4gR3s9",9,-0.5302,0.0,0.819,0.181
310,FoxNews,.@MittRomney predicts a @realDonaldTrump win in 2020. https://t.co/FtXsikIvlB https://t.co/W2EHQ9eAw5,10,0.5859,0.352,0.648,0.0
311,FoxNews,"Florida Revokes Hundreds of Gun Permits After Background Check Error
https://t.co/4RteHthrjk",11,-0.6249,0.0,0.638,0.362
312,FoxNews,"On @foxandfriends, @RCamposDuffy praised @FLOTUS Melania Trump in the wake of constant media scrutiny.‚Ä¶ https://t.co/t4wxgWO0Qz",12,0.4939,0.186,0.814,0.0
313,FoxNews,".@kimguilfoyle on NK summit: ""With somebody like @POTUS who thinks out of the box...everything is on the table [unt‚Ä¶ https://t.co/uFk6mAOEmC",13,0.3612,0.116,0.884,0.0
314,FoxNews,"Mike Kerrigan: I thought I had enough friends, then a stranger did this on my flight home https://t.co/xZNBnn26ZS",14,0.4767,0.181,0.819,0.0
315,FoxNews,.@replouiegohmert Slams Russia Probe Spending: Mueller Has 'Absolutely Blown Taxpayer Dollars' https://t.co/Xe5BeKp6Cd,15,0.0,0.0,1.0,0.0
316,FoxNews,Love and leaks: Wolfe-Watkins latest couple to draw scrutiny for loose lips and tips https://t.co/E3h48prv3z,16,0.4404,0.215,0.667,0.118
317,FoxNews,Fox News Poll: Will North Korea give up nukes? https://t.co/3x4UVwUihL,17,0.0,0.0,1.0,0.0
318,FoxNews,Border arrests spike. https://t.co/bxJVEDbIZi https://t.co/cGj9ea65Ui,18,-0.4404,0.0,0.58,0.42
319,FoxNews,".@TheRealJohnHCox: ""@GavinNewsom is Exhibit A in craven politicians."" https://t.co/b6mIxZLEPQ",19,0.0,0.0,1.0,0.0
320,FoxNews,"@TheRealJohnHCox: ""@GavinNewsom is Exhibit A in craven politicians."" https://t.co/0fDypASJE1",20,0.0,0.0,1.0,0.0
321,FoxNews,Fox News Poll: Should @POTUS meet with North Korean leader Kim Jong Un? https://t.co/9QBv5OO5bg,21,0.0,0.0,1.0,0.0
322,FoxNews,".@RCamposDuffy: ""Republicans and especially Republican women and Republican or conservative minorities have always‚Ä¶ https://t.co/TcO81nMnJ7",22,0.0,0.0,1.0,0.0
323,FoxNews,Home Depot employee in Florida allegedly attacked by shopper's pet spider monkey https://t.co/gvqJD9UaOB,23,-0.4588,0.0,0.8,0.2
324,FoxNews,"ABC apologizes for controversial ‚ÄòQuantico‚Äô episode, defends star Priyanka Chopra https://t.co/4sh2B6JvhK",24,0.1779,0.188,0.677,0.135
325,FoxNews,".@replouiegohmert: ""Robert Mueller has done more damage during his 12 years as FBI Director than... probably all th‚Ä¶ https://t.co/eZePn5ltKz",25,-0.5413,0.0,0.837,0.163
326,FoxNews,".@RealDeanCain: ""I stand for the anthem. I would never kneel for the anthem."" https://t.co/XIXO0UeJmR",26,0.0,0.0,1.0,0.0
327,FoxNews,Do you agree with @SenSanders? https://t.co/jixhab3nlt,27,0.3612,0.333,0.667,0.0
328,FoxNews,"MONDAY: Don‚Äôt miss three hours of ‚ÄòAmerica‚Äôs Newsroom‚Äô with @BillHemmer and @SandraSmithFox, starting at 9a ET on F‚Ä¶ https://t.co/A0OfAH4QPo",28,-0.1531,0.0,0.918,0.082
329,FoxNews,"1,000 illegal immigrants bused to California federal prison for detention https://t.co/B3t12CUk1m",29,-0.8555,0.0,0.46,0.54
330,FoxNews,"'Bring on the Recession': @billmaher 'Hoping' for Economic Crash to Oust Trump
https://t.co/fj8Q3obYkM",30,-0.4019,0.0,0.816,0.184
331,FoxNews,Fox News Poll: 52% approve of President @realDonaldTrump's handling of the economy. https://t.co/qZrQ8Q503M https://t.co/mYX34Kjnhb,31,0.0,0.0,1.0,0.0
332,FoxNews,"TSA searches 96-year-old woman in wheelchair in viral video, sparking outrage https://t.co/DP91w0qI1n",32,-0.5106,0.0,0.769,0.231
333,FoxNews,".@Lavarbigballer: ""If [@POTUS] invited me to his house, I would be like, 'Nah, man.' I'm not even going to invite h‚Ä¶ https://t.co/BM4it6Nf6i",33,0.4767,0.177,0.823,0.0
334,FoxNews,.@billclinton defends @alfranken. https://t.co/L3DVQREUWO,34,0.0,0.0,1.0,0.0
335,FoxNews,Virginia wildlife center takes in 2 black bear cubs after mother is killed by homeowner https://t.co/HxTW1LfisF,35,-0.6705,0.0,0.757,0.243
336,FoxNews,"Reporter: ""Do you think Crimea should be recognized as Russia at this point?""

.@POTUS: ""You'd have to ask Presiden‚Ä¶ https://t.co/F8G13HW2im",36,0.0,0.0,1.0,0.0
337,FoxNews,Happening Now: @POTUS heads to Singapore for historic summit with North Korean leader Kim Jong Un. https://t.co/9pkRpmQhvs,37,0.0,0.0,1.0,0.0
338,FoxNews,.@realDonaldTrump and Kim Jong Un impersonators arrive in Singapore. https://t.co/cQbfqorKAn,38,0.0,0.0,1.0,0.0
339,FoxNews,SOON: @POTUS leaves Canada en route to North Korea summit in Singapore. https://t.co/2SKhjAnI5Q,39,0.0,0.0,1.0,0.0
340,FoxNews,U.S. Markets - So far this year. https://t.co/mdnZRFcvfH,40,0.0,0.0,1.0,0.0
341,FoxNews,"President @realDonaldTrump to CNN reporter: ""I would say that the level of relationship is a 10... You can tell tha‚Ä¶ https://t.co/5CwLITcrnU",41,0.0,0.0,1.0,0.0
342,FoxNews,".@POTUS: ""Tariffs are going to come way down... We're like the piggy bank that everybody's robbing - and that ends."" https://t.co/1K8iuxEXhn",42,0.3612,0.116,0.884,0.0
343,FoxNews,"Britain's Queen Elizabeth, Prince Charles, Meghan Duchess of Sussex, Prince Harry, Kate Duchess of Cambridge and Pr‚Ä¶ https://t.co/0mhnqpiGZU",43,0.0,0.0,1.0,0.0
344,FoxNews,"State-level Dems funneled $84M to @HillaryClinton's campaign, lawsuit alleges https://t.co/2Xk78xsQmh",44,-0.2023,0.1,0.727,0.173
345,FoxNews,".@POTUS: ""Obama can say all he wants but he allowed Russia to take Crimea. I may have had a much different attitude‚Ä¶ https://t.co/bPQobyLCe2",45,0.0,0.0,1.0,0.0
346,FoxNews,"Reporter: ""Do you think Crimea should be recognized as Russia at this point?""

.@POTUS: ""You'd have to ask Presiden‚Ä¶ https://t.co/9xKcvpB7aN",46,0.0,0.0,1.0,0.0
347,FoxNews,".@POTUS: ""The U.S. press is very dishonest, much of it, not all of it."" https://t.co/PcH5oRFB7t",47,-0.6115,0.0,0.778,0.222
348,FoxNews,".@SecretaryZinke: ""We could end the war. It's absolutely astonishing what @POTUS has done."" #Cavuto https://t.co/AFT3qMvIv2",48,-0.5994,0.0,0.782,0.218
349,FoxNews,"President @realDonaldTrump: ""Who are you with out of curiosity?""

Reporter: ""@CNN.""

@POTUS: ""I figured - Fake News‚Ä¶ https://t.co/vukANIrfKZ",49,-0.4767,0.0,0.838,0.162
350,FoxNews,"""The United States has been taken advantage of for decades and decades and we can't do that anymore.""

WATCH: Presi‚Ä¶ https://t.co/s9kfwDEDut",50,0.5859,0.202,0.798,0.0
351,FoxNews,".@POTUS: ""I would say that the level of relationship is a 10."" https://t.co/nmFjMumzHb",51,0.0,0.0,1.0,0.0
352,FoxNews,".@POTUS: ""Obama can say all he wants but he allowed Russia to take Crimea. I may have had a much different attitude‚Ä¶ https://t.co/766koswatX",52,0.0,0.0,1.0,0.0
353,FoxNews,"Reporter: ""Do you think Crimea should be recognized as Russia at this point?""

.@POTUS: ""You'd have to ask Presiden‚Ä¶ https://t.co/E8bATkXuhJ",53,0.0,0.0,1.0,0.0
354,FoxNews,".@POTUS: ""I have not spoken to Vladimir Putin for quite a while... I think it would be an asset to have Russia back‚Ä¶ https://t.co/XdWxOmv8VG",54,0.3612,0.106,0.894,0.0
355,FoxNews,".@POTUS: ""Tariffs are going to come way down... We're like the piggy bank that everybody's robbing - and that ends."" https://t.co/Omn9n08nQS",55,0.3612,0.116,0.884,0.0
356,FoxNews,".@POTUS: ""That's the way it should be - no tariffs, no barriers... and no subsidies."" https://t.co/OKEcN9rgOd",56,-0.6808,0.0,0.645,0.355
357,FoxNews,".@POTUS on Kim Jong Un talks: ""It's a one-time shot and I think it's going to work out very well."" https://t.co/RGB4ilSY9I",57,0.0,0.0,1.0,0.0
358,FoxNews,".@POTUS: ""We really think that North Korea that will be a tremendous place in a very short period of time... They'r‚Ä¶ https://t.co/8fX841h1EW",58,0.0,0.0,1.0,0.0
359,FoxNews,".@POTUS: ""I blame our past leaders. There was no reason that this should've happened."" https://t.co/wy427FsU9f",59,-0.5574,0.0,0.739,0.261
360,FoxNews,".@POTUS: ""We're linked in the great effort to create a more just, peaceful, and prosperous world."" https://t.co/eaieDEyrKV",60,0.9149,0.516,0.484,0.0
361,FoxNews,".@POTUS: ""We are committed to addressing the migration challenge by helping migrants to remain and prosper in their‚Ä¶ https://t.co/dTZvjLNdlt",61,0.5574,0.259,0.741,0.0
362,FoxNews,".@POTUS: ""People can't charge us 270% and we charge them nothing. That doesn't work anymore."" https://t.co/a2hPAJY4wH",62,0.0,0.0,1.0,0.0
363,FoxNews,".@POTUS: ""The United States has been taken advantage of for decades and decades and we can't do that anymore."" https://t.co/Jf1SDPPUyN",63,0.5859,0.211,0.789,0.0
364,FoxNews,".@POTUS: ""We've concluded a really, tremendously successful #G7."" https://t.co/201LDzbu6V",64,0.6566,0.384,0.616,0.0
365,FoxNews,"President @realDonaldTrump speaks at a press briefing after closing out the G7 Summit in Charlevoix, Canada. https://t.co/A1XBAkrOTE",65,0.0,0.0,1.0,0.0
366,FoxNews,"Anthony Bourdain, CNN host and celebrity chef, hanged himself with bathrobe belt https://t.co/h7BxZo9JA8",66,0.0,0.0,1.0,0.0
367,FoxNews,"SOON: @POTUS to speak from #G7 - for full live coverage, tune in to Fox News Channel! https://t.co/bCgxdT90OX",67,0.0,0.0,1.0,0.0
368,FoxNews,"Son of Farrah Fawcett, Ryan O'Neal charged with attempted murder, authorities say https://t.co/4XZWmjULRN",68,-0.7579,0.0,0.629,0.371
369,FoxNews,"President @realDonaldTrump promises ""America First"" throughout 2016. https://t.co/04HWLGuj1Q",69,0.3818,0.271,0.729,0.0
370,FoxNews,'Bring on the Recession': Bill Maher 'Hoping' for Economic Crash to Oust Trump https://t.co/pD7LBKR5uG,70,-0.4019,0.0,0.828,0.172
371,FoxNews,'Game of Thrones' prequel pilot reportedly ordered by HBO https://t.co/Pnswzb5c6L,71,0.0,0.0,1.0,0.0
372,FoxNews,"US Air Force B-1 bomber fleet grounded after issue with ejection seats, officials say https://t.co/l1jDRzfswB",72,0.0,0.0,1.0,0.0
373,FoxNews,LeBron James reveals he played with ‚Äòself-inflicted‚Äô injured hand for majority of NBA Finals https://t.co/0zIlw5Ckyu,73,0.4404,0.276,0.591,0.133
374,FoxNews,President @realDonaldTrump continues G7 talks https://t.co/dKNpj2UDfb,74,0.0,0.0,1.0,0.0
375,FoxNews,"Britain's Queen Elizabeth, Prince Charles, Meghan Duchess of Sussex, Prince Harry, Kate Duchess of Cambridge and Pr‚Ä¶ https://t.co/acQWFgyVcc",75,0.0,0.0,1.0,0.0
376,FoxNews,.@RealDeanCain: ‚ÄúI stand for the anthem. I would never kneel for the anthem.‚Äù https://t.co/phVIaccIwh,76,0.0,0.0,1.0,0.0
377,FoxNews,.@POTUS Meets at G7 Summit with World Leaders https://t.co/zAG9znCDU7,77,0.0,0.0,1.0,0.0
378,FoxNews,'It's Just a Miracle': Woman's Cancer Symptoms Spotted by Doctor Watching Her on HGTV https://t.co/wQbsxju44O,78,-0.6597,0.0,0.747,0.253
379,FoxNews,"Kim Jong Un and Donald Trump impersonators, pose for photographs at the Merlion Park, a popular tourist destination‚Ä¶ https://t.co/THVGwi1Ddx",79,0.4215,0.141,0.859,0.0
380,FoxNews,Trump signals willingness to back bill easing pot regulation: report https://t.co/YZoqqqG7d8 https://t.co/lUkmgWVg9G,80,0.4767,0.291,0.709,0.0
381,FoxNews,.@VP Visits Wounded Warriors at Walter Reed https://t.co/UuoncnuocZ,81,0.0,0.0,1.0,0.0
382,FoxNews,State trooper pulls over retired cop who delivered him 27 years ago https://t.co/fK1w5ghVoG,82,0.0,0.0,1.0,0.0
383,FoxNews,.@replouiegohmert: ‚ÄúRobert Mueller has done more damage during his 12 years as FBI director than‚Ä¶ probably all the‚Ä¶ https://t.co/eObFYHJm5b,83,-0.5413,0.0,0.837,0.163
384,FoxNews,"Mother-daughter duo running for office, hope to inspire more Republican women candidates (via @steinhauserNH1) https://t.co/nvX4lI8JyO",84,0.765,0.337,0.663,0.0
385,FoxNews,"JUST IN: Celebrity chef Anthony Bourdain hanged himself in a hotel bathroom with a bathrobe belt, French prosecutor‚Ä¶ https://t.co/aspBk1SuIk",85,0.0,0.0,1.0,0.0
386,FoxNews,Trump signals willingness to back bill easing pot regulation: report https://t.co/YZoqqqG7d8,86,0.4767,0.313,0.687,0.0
387,FoxNews,OPINION: Justify is the story at the Belmont Stakes https://t.co/2HWTOfnYfQ,87,0.0,0.0,1.0,0.0
388,FoxNews,Kim Jong Un and Donald Trump impersonators arrive in Singapore https://t.co/gQUxSLndMo,88,0.0,0.0,1.0,0.0
389,FoxNews,Trump 'very sad' over Anthony Bourdain's death https://t.co/LancBaO7Pz,89,-0.807,0.0,0.451,0.549
390,FoxNews,".@chrisprudhome: ""In my eyes, [President @realDonaldTrump is] doing more for minority members of the community than‚Ä¶ https://t.co/mUKEI7uRSK",90,0.0,0.0,1.0,0.0
391,FoxNews,"'Enemy attack' in Somalia leaves 1 US soldier dead, 4 wounded https://t.co/kWKGBRNkwl https://t.co/7kVMpPhnDE",91,-0.8979,0.0,0.423,0.577
392,FoxNews,Video footage  shows toddler escaping bedroom with help from family dogs https://t.co/za57HuHU5k,92,0.4404,0.281,0.719,0.0
393,FoxNews,"On this day in 1973, Secretariat becomes the first horse since Citation in 1948 to win the Triple Crown with a spec‚Ä¶ https://t.co/5dH4uGsETt",93,0.5859,0.153,0.847,0.0
394,FoxNews,Police officer helps turtle cross road in torrential downpour https://t.co/fREwz2SbNq,94,0.3818,0.224,0.776,0.0
395,FoxNews,"Bid to block Bernie Sanders? DNC adopts rule change, wants only avowed Democrats to run https://t.co/LiVE5LR6q4",95,-0.296,0.091,0.753,0.156
396,FoxNews,"Pardoned US Sailor Considers Lawsuit Against Obama, Blasts Comey for Making Clinton 'Above the Law' https://t.co/cMpeUWwLii",96,0.0,0.107,0.787,0.107
397,FoxNews,Kansas woman found dead after leading investigator to boy's body. https://t.co/x5tftxZXgE,97,-0.6486,0.0,0.699,0.301
398,FoxNews,Presidential pardons after 18 months in office. @TeamCavuto https://t.co/H3lr2joOJv https://t.co/HGRoh0rG3N,98,0.296,0.196,0.804,0.0
399,FoxNews,".@POTUS on trade negotiations with Canada: ""We've made a lot of progress."" https://t.co/jKaj0yc2tX",99,0.0,0.0,1.0,0.0
400,nytimes,Have questions about the Belmont Stakes and the Triple Crown? We have your answers. https://t.co/GPu2uPlTRV,0,0.0,0.0,1.0,0.0
401,nytimes,‚ÄúI talk back to people when they say something about me now because I know even with my condition that I am beautif‚Ä¶ https://t.co/TJmesUhGTL,1,0.0,0.0,1.0,0.0
402,nytimes,Science is taking a back seat in policymaking across the Trump administration. The North Korea nuclear talks offer‚Ä¶ https://t.co/hauZtxGqq5,2,0.0,0.0,1.0,0.0
403,nytimes,"In his own unorthodox way, Trump has been preparing for this encounter with Kim Jong-Un his entire adult life https://t.co/VlXkCmqssL",3,0.0,0.0,1.0,0.0
404,nytimes,"With his America First agenda, Trump has driven a wedge between the U.S. and its allies, ceding leadership and its‚Ä¶ https://t.co/sfyYD4o3hM",4,0.0,0.0,1.0,0.0
405,nytimes,"RT @TheSteinLine: All the tales ‚Äî legacy, free agency, injury ‚Äî from what might (or might not) have been LeBron James‚Äô last night as a Clev‚Ä¶",5,0.128,0.122,0.775,0.103
406,nytimes,California has dug in at the front lines of the resistance to President Trump. And then there is Orange County. https://t.co/BSVW14kSmd,6,0.0,0.0,1.0,0.0
407,nytimes,"What to watch, what to read and what to listen to by and about Anthony Bourdain https://t.co/TR5noBS7Ee",7,0.0,0.0,1.0,0.0
408,nytimes,"Who‚Äôs right, Elon Musk or Mark Zuckerberg? Is supersmart artificial intelligence a potential threat to humans, or a‚Ä¶ https://t.co/8zay2rbSEG",8,-0.0772,0.138,0.711,0.151
409,nytimes,"RT @stanfordc: I‚Äôm proud to say that there has never been a swimsuit portion of the news quiz 
https://t.co/e1Z8wlhYvy https://t.co/4YJ7UrG‚Ä¶",9,0.4767,0.147,0.853,0.0
410,nytimes,"30 billion gallons of Hawaiian lava, as seen from the ground and space https://t.co/vz9qQOCYS9",10,0.0,0.0,1.0,0.0
411,nytimes,She wanted to celebrate their marriage in lavish style. He had something less lofty in mind. A lovers‚Äô battle ensue‚Ä¶ https://t.co/RnvIaxRtRP,11,0.2732,0.152,0.741,0.107
412,nytimes,"Anthony Bourdain's sudden death at Le Chambard, a hotel in the village of Kaysersberg in northeastern France, sent‚Ä¶ https://t.co/V5gRoZKGQN",12,-0.5994,0.0,0.813,0.187
413,nytimes,"@jimdwyernyt ""The supply of excellent schools cannot meet the demands of capable students, whatever their backgroun‚Ä¶ https://t.co/KF39XvdUjJ",13,0.743,0.296,0.704,0.0
414,nytimes,"@jimdwyernyt The specialized schools are far from bastions of privilege, dominated by immigrants or the children of‚Ä¶ https://t.co/DWOoiPghSz",14,0.3612,0.128,0.872,0.0
415,nytimes,"In New York‚Äôs ragged history of race, class, privilege and equity, the city‚Äôs specialized high schools have long be‚Ä¶ https://t.co/HL2yw2JmHz",15,0.3612,0.116,0.884,0.0
416,nytimes,Breaking News: President Trump threatened to end trade with G-7 nations that he said use unfair practices. ‚ÄúWe‚Äôre l‚Ä¶ https://t.co/uI5rOmZ76O,16,-0.7269,0.0,0.747,0.253
417,nytimes,"Flaky mounds of quick bread, golden brown, with a significant crumb https://t.co/wbMRgvySpY",17,0.2023,0.153,0.847,0.0
418,nytimes,Breaking News: Simona Halep of Romania beat Sloane Stephens to win the French Open. It was the first Grand Slam tit‚Ä¶ https://t.co/3sFwWkJ353,18,0.6369,0.239,0.669,0.092
419,nytimes,Her $1 million gift left educators asking: How was one teacher able to save so much money?https://t.co/Vv8fhgbwWA,19,0.7269,0.289,0.711,0.0
420,nytimes,"If you or someone else you know is having thoughts of suicide, call the National Suicide Prevention Lifeline at 1-8‚Ä¶ https://t.co/5kOUYV8c3u",20,-0.875,0.0,0.679,0.321
421,nytimes,New federal data shows that suicide rates have been increasing for years in almost every state and across demograph‚Ä¶ https://t.co/g6znmjYQl5,21,-0.6705,0.0,0.809,0.191
422,nytimes,"After failing to repeal the Affordable Care Act, the Trump administration is seizing on a different strategy for di‚Ä¶ https://t.co/Low8zwBsVL",22,-0.0258,0.136,0.723,0.14
423,nytimes,"Our experts weighed in on the contenders, including the Triple Crown hopeful Justify, for the 150th Belmont Stakes https://t.co/xi9TIoAxWb",23,0.5106,0.155,0.845,0.0
424,nytimes,"RT @NYTMetro: ‚ÄúThis is the deportation machine in full effect, and everyone should wake up to how American citizens and their families are‚Ä¶",24,0.0,0.0,1.0,0.0
425,nytimes,"RT @caityweaver: The strangest and best recommendation I will ever make to you is: Listen to the same 4 podcast appearances by ""Sex and the‚Ä¶",25,0.6369,0.16,0.84,0.0
426,nytimes,Pope Tells Oil Executives to Act on Climate: ‚ÄòThere Is No Time to Lose‚Äô https://t.co/jpXdOMmBOf,26,-0.296,0.0,0.864,0.136
427,nytimes,Elizabeth Warren and a Scholarly Debate Over Medical Bankruptcy That Won‚Äôt Go Away https://t.co/mbz6wvuSUO,27,0.0,0.0,1.0,0.0
428,nytimes,RT @NYTStyles: Parties! https://t.co/MdgG2e1xjI,28,0.4574,0.499,0.501,0.0
429,nytimes,"RT @nytimesbusiness: ""Wealth was about being able to create the change you wish to see in the world.‚Äù https://t.co/KoQCO5Iy1y",29,0.7906,0.333,0.667,0.0
430,nytimes,An exhibition in London examines the feelings people harbor about their teeth. Here's a look at some of the most cu‚Ä¶ https://t.co/KRz76xwrXq,30,0.0,0.0,1.0,0.0
431,nytimes,RT @NYTSports: Need a winner for the Belmont Stakes? @MHoppertNYT and @joedrape have you covered: https://t.co/44joWHhuTm,31,0.5859,0.213,0.787,0.0
432,nytimes,Why Cities Can‚Äôt Stop Poaching From One Another https://t.co/X1SeTjbqKs,32,-0.296,0.0,0.784,0.216
433,nytimes,RT @nytimesworld: Austrian officials have ordered seven mosques to close and may refuse dozens of imams the right to reside in the country‚Ä¶,33,-0.296,0.0,0.909,0.091
434,nytimes,RT @nytrealestate: A quick guide to what you need to get your first apartment in New York City https://t.co/NQYV03Xkyn,34,0.0,0.0,1.0,0.0
435,nytimes,Men‚Äôs Fashion Week Loses Some Luster https://t.co/TCj0nbeFMj,35,-0.3182,0.0,0.723,0.277
436,nytimes,"Inside New York‚Äôs dollar van wars: strict regulations, low margins and a constant fight with rogue van drivers https://t.co/kiAEpdxkgV",36,-0.8074,0.0,0.644,0.356
437,nytimes,"RT @NYTMetro: On the stoop that was his perch, a requiem for the mayor of West 83rd Street, in Manhattan. https://t.co/qRN1VlPo1t",37,0.0,0.0,1.0,0.0
438,nytimes,"Charlotte Fox, 61, Trailblazing Alpinist and Everest Survivor, Dies https://t.co/nM5gpQdLhB",38,0.3612,0.217,0.783,0.0
439,nytimes,A Good Appetite: Chicken Milanese Has Its Moment https://t.co/Rhco2hq6mS,39,0.4404,0.293,0.707,0.0
440,nytimes,The New York Times obituary for Anthony Bourdain https://t.co/D697EnEWQX,40,0.0,0.0,1.0,0.0
441,nytimes,RT @NYTmag: 24 hours. 23 photographers. One city. One topic: Love. Watch the making of this issue https://t.co/s2uND5xgVs and see the full‚Ä¶,41,0.6369,0.167,0.833,0.0
442,nytimes,The recent volcanic eruptions in Hawaii and Guatemala are a reminder that not all volcanoes are created equal https://t.co/M7sNdtwIzJ,42,0.25,0.105,0.895,0.0
443,nytimes,"For the 3rd time in 4 seasons, and for the 2nd year in a row, the Golden State Warriors are NBA champions https://t.co/r7NgjH0nbf",43,0.5267,0.145,0.855,0.0
444,nytimes,"RT @nytimestech: The Chinese electronics maker ZTE has survived its brush with death. Now, it has to figure out how to stay in business. He‚Ä¶",44,-0.1531,0.109,0.762,0.129
445,nytimes,"RT @nytrealestate: You may like the contractor, but does the contractor like you back? https://t.co/kPShW4JONu",45,0.6124,0.278,0.722,0.0
446,nytimes,"RT @NYTmag: On a rainy Saturday morning on May 19, @philip_nyc captured love in the middle of Times Square. See more from our #NYTLoveCity‚Ä¶",46,0.5994,0.158,0.792,0.049
447,nytimes,How I Used Art to Get Through Trauma https://t.co/7N5fzAxLoe,47,-0.4215,0.0,0.714,0.286
448,nytimes,"The NYT review of ""Ocean's 8"" https://t.co/flFaRzpyzr",48,0.0,0.0,1.0,0.0
449,nytimes,She‚Äôs photographed Broadway for years. Now Broadway is honoring her. https://t.co/eI7sfheNWI,49,0.5106,0.248,0.752,0.0
450,nytimes,The killing in Germany comes on top of a deepening scandal and calls for a full-blown parliamentary investigation o‚Ä¶ https://t.co/0p5qfKyP2V,50,-0.7579,0.075,0.622,0.303
451,nytimes,"RT @nytimesworld: More than 140 miles away and three decades after the Chernobyl disaster, some cows still make radioactive milk https://t.‚Ä¶",51,-0.6249,0.0,0.83,0.17
452,nytimes,RT @nytopinion: This weekend we are sharing some pieces on music. Think of it as a little inspiration to appreciate the soundtrack of your‚Ä¶,52,0.8097,0.294,0.706,0.0
453,nytimes,"RT @nytimesbusiness: HBO is making a pilot for one of the five ""Game of Thrones"" prequels it has in development https://t.co/EMeqQvEdHQ",53,0.0,0.0,1.0,0.0
454,nytimes,"Taliban Announce Brief Cease-Fire, Offering Afghans Hope for Lull in War https://t.co/IlMkkFHSCM",54,-0.25,0.173,0.595,0.232
455,nytimes,"RT @NYTMetro: Underneath the umbrella: a fascinating photo portfolio of the lifeguards of Jones Beach, in all their stoic, bored, heroic gl‚Ä¶",55,0.7184,0.261,0.662,0.077
456,nytimes,"China‚Äôs ZTE‚Äî a little-known electronics maker‚Äî became an unlikely political football, then an even unlikelier objec‚Ä¶ https://t.co/APxvWFepXB",56,0.0,0.0,1.0,0.0
457,nytimes,"Andrew Rannells: ""I didn't feel jealous; I felt driven. I wanted to be one of those people on the Tonys."" https://t.co/i3LX0WgQBb",57,0.357,0.121,0.879,0.0
458,nytimes,Here's who we think will win the Tonys (and who should) https://t.co/ZlqqPQRtvt,58,0.5859,0.257,0.743,0.0
459,nytimes,Justice Dept. Requests Delay if DACA Injunction Is Issued https://t.co/HB7h98gENy,59,0.2732,0.248,0.584,0.168
460,nytimes,"RT @nytpolitics: The president said that Melania Trump ‚Äúwanted to go‚Äù with him to the Group of 7 summit meeting in Quebec, but was staying‚Ä¶",60,0.0,0.0,1.0,0.0
461,nytimes,"50 years after his death, friends, aides and journalists recall Robert F. Kennedy's last campaign in California, hi‚Ä¶ https://t.co/bAveWEnYW5",61,-0.2023,0.129,0.708,0.163
462,nytimes,"In Canada, many observers were calling it the ""G-6 plus 1"" ‚Äî with President Trump being cast as the irrational, ira‚Ä¶ https://t.co/AUbzhnVmGY",62,-0.34,0.0,0.893,0.107
463,nytimes,"RT @kenvogel: MANAFORT paid KONSTANTIN KILIMNIK $531k in 2013 &amp; 2014, according to lobbying records, but that covers only a fraction of the‚Ä¶",63,-0.0387,0.0,0.948,0.052
464,nytimes,What should you do when a loved one is severely depressed? Don‚Äôt underestimate the power of showing up. https://t.co/yqRyXmSWiM,64,-0.5574,0.148,0.53,0.322
465,nytimes,"""This should be a grave concern to anyone who cares about an informed citizenry,"" said Eileen Murphy, a spokeswoman‚Ä¶ https://t.co/iwMg5Ng7tl",65,0.1027,0.139,0.741,0.12
466,nytimes,RT @NYTSports: Kevin Durant has been named the MVP of the NBA finals for the second straight year. https://t.co/xSARJQ5MlN,66,0.2263,0.095,0.905,0.0
467,nytimes,The U.S. just beat out China to develop the world‚Äôs fastest supercomputer. You‚Äôd need 6.3 billion years to match wh‚Ä¶ https://t.co/DMGoDUacwv,67,0.0,0.0,1.0,0.0
468,nytimes,"RT @SopanDeb: **NEW**: In a lengthy (and remarkable) interview with Kyrie Irving, he repeatedly questioned whether the Earth is flat or rou‚Ä¶",68,-0.1027,0.0,0.935,0.065
469,nytimes,"Breaking News: The Golden State Warriors have won their third N.B.A. title in four years, sweeping LeBron James and‚Ä¶ https://t.co/jbvTIZsZrD",69,0.5719,0.163,0.837,0.0
470,nytimes,"At a moment of tumult over trade and nuclear security, President Trump is making friends with America‚Äôs enemies and‚Ä¶ https://t.co/JtgvrhRvJ6",70,0.3182,0.223,0.648,0.13
471,nytimes,"Discover an ""irony free zone where everything is beautiful and nothing hurts.""

What to watch, what to read and wha‚Ä¶ https://t.co/gMtAyyRjDD",71,0.7906,0.273,0.682,0.045
472,nytimes,President Trump suggested the Group of 7 nations reinstate Russia 4 years after it was cast out for annexing Crimea https://t.co/ZQQDfGp5GN,72,0.0,0.0,1.0,0.0
473,nytimes,"RT @nytopinion: Anthony Bourdain exhorted us to open our eyes -- and our guts -- to the wondrous smorgasbord of life, and to savor every la‚Ä¶",73,0.0,0.0,1.0,0.0
474,nytimes,"Modern Love: ""I had found a strange liberation in submitting to Dan, but it was only a first step. I wanted the dom‚Ä¶ https://t.co/WHIRIHGpqQ",74,0.296,0.113,0.826,0.061
475,nytimes,"During this season‚Äôs playoffs, LeBron James has accounted for nearly a third of the box-score statistics for the Ca‚Ä¶ https://t.co/bugUyF7TK4",75,0.0,0.0,1.0,0.0
476,nytimes,No one in the NBA has come close to LeBron James's share of a team‚Äôs production for over 40 years https://t.co/YqE8zZiiWg,76,0.0,0.098,0.804,0.098
477,nytimes,Kyrie Irving Doesn‚Äôt Know if the Earth Is Round or Flat. He Does Want to Discuss It. https://t.co/1ET48Grban,77,0.0772,0.071,0.929,0.0
478,nytimes,"LIVE: The Golden State Warriors vs. the Cleveland Cavaliers 

Game 4 updates and analysis https://t.co/3DmQOo5lNw",78,0.0,0.0,1.0,0.0
479,nytimes,"Opinion: If There‚Äôs a Red Wave Election in 2018, This Will Be Why https://t.co/B0Nmgi1kdN",79,0.0,0.0,1.0,0.0
480,nytimes,Opinion: Anthony Bourdain Was the Kind of ‚ÄòBad Boy‚Äô We Need More Of https://t.co/S8JhWFX9Jw,80,0.0,0.0,1.0,0.0
481,nytimes,Trump‚Äôs New Plan to Dismantle Obamacare Comes With Political Risks https://t.co/Ju2Fw08xUY,81,-0.2732,0.0,0.826,0.174
482,nytimes,Press Groups Criticize the Seizing of a Times Reporter‚Äôs Records https://t.co/Sqp3BXEBVB,82,-0.3818,0.0,0.776,0.224
483,nytimes,"RT @nytfood: ""Anthony Bourdain entered the literary stage with an inside tip, delivered in the gruff whisper of a racetrack tout: Don‚Äôt ord‚Ä¶",83,-0.128,0.0,0.933,0.067
484,nytimes,"2 years ago, we asked Anthony Bourdain to answer a series of questions. He sketched his answers. https://t.co/zP0AIJ1Ce9",84,0.0,0.0,1.0,0.0
485,nytimes,"About New York: Decades Ago, New York Dug a Moat Around Its Specialized Schools https://t.co/8jOa3pfI75",85,0.0,0.0,1.0,0.0
486,nytimes,"Anthony Bourdain‚Äôs death prompted an outpouring of grief and tributes from friends and fans. ""He taught us about fo‚Ä¶ https://t.co/JFW4Jh3jO2",86,-0.6124,0.114,0.625,0.261
487,nytimes,"Before the Smiles, Mounting Tensions Between Trudeau and Trump https://t.co/9XH9FvtZn0",87,0.1027,0.225,0.58,0.196
488,nytimes,"The first man in a female ensemble at a major ballet company is gender fluid. Still, he had to remake his body to m‚Ä¶ https://t.co/xlEQPUqEMn",88,0.0,0.0,1.0,0.0
489,nytimes,Judge Denies Trump‚Äôs Secrecy Claim in Review of Cohen Documents https://t.co/cmqMq2loiu,89,-0.4215,0.0,0.781,0.219
490,nytimes,Evening Briefing: Here's what you need to know at the end of the day https://t.co/8y2X6OzAun,90,0.0,0.0,1.0,0.0
491,nytimes,"At Gaza Protests: Kites, Drones, Gas, Guns and the Occasional Bomb https://t.co/cp6xnR0K9p",91,-0.6249,0.0,0.662,0.338
492,nytimes,"To Conduct Its Parks Concerts, the Philharmonic Taps a Rising Star https://t.co/eGDvYlMHpo",92,0.0,0.0,1.0,0.0
493,nytimes,"A Russian oligarch‚Äôs $500 million yacht has 9 decks, 2 heliports and a pool. It‚Äôs also the top prize in Britain‚Äôs c‚Ä¶ https://t.co/mCLj8f8oVH",93,0.6249,0.231,0.769,0.0
494,nytimes,The powerful conservative donor couple you‚Äôve never heard of: Liz and Dick Uihlein are spending millions to shape a‚Ä¶ https://t.co/FH10BFfcNd,94,-0.128,0.116,0.747,0.137
495,nytimes,"American Muslims say they own guns for the same reasons as anyone else: for protection, for hunting, or for their w‚Ä¶ https://t.co/kWeSU92P71",95,0.0,0.0,1.0,0.0
496,nytimes,"RT @EnnisNYT: Following acknowledged ""missteps"" that left staffers ""disrespected and uncomfortable,"" John Lasseter, co-founder of Pixar, wi‚Ä¶",96,-0.4588,0.0,0.842,0.158
497,nytimes,KFC is testing out a new recipe in Britain that ditches its most famous ingredient: chicken https://t.co/dW0kCZTAcn,97,0.0,0.0,1.0,0.0
498,nytimes,"Anthony Bourdain‚Äôs TV series understood that food is geographical, economic and political, @poniewozik writes https://t.co/7uUA89uHe5",98,0.0,0.0,1.0,0.0
499,nytimes,She may already be the best high school runner ever. Now comes the hard part. https://t.co/2vwVW9afJb,99,0.5859,0.214,0.714,0.071
